Series,Source,Title,SubTitle,SubTitle2,Type,Colour,startDate,frequency,dataPage,articlesECO,dataLink,dataType,rank,mark,order,indexToCh,Country,API_base,API_Full
UNRATE,FRED,Unemployment,Ages 16 and over - %,,Headline,red,1980,monthly,https://fred.stlouisfed.org/series/UNRATE,https://www.economicsobservatory.com/is-work-in-the-uk-becoming-more-insecure,,json,1,line,1,0,US,https://api.stlouisfed.org/fred/series/observations?api_key=22ee7a76e736e32f54f5df0a7171538d&file_type=json&series_id=,https://api.stlouisfed.org/fred/series/observations?api_key=22ee7a76e736e32f54f5df0a7171538d&file_type=json&series_id=UNRATE
CPIAUCSL,FRED,Inflation,CPI all urban consumers,,Headline,red,1980,monthly,https://fred.stlouisfed.org/series/CPIAUCSL,https://www.economicsobservatory.com/is-inflation-avoidable,,json,1,line,2,12,US,https://api.stlouisfed.org/fred/series/observations?api_key=22ee7a76e736e32f54f5df0a7171538d&file_type=json&series_id=,https://api.stlouisfed.org/fred/series/observations?api_key=22ee7a76e736e32f54f5df0a7171538d&file_type=json&series_id=CPIAUCSL
CPILFESL,FRED,Inflation - core,CPI ex food and energy,,,red,1980,monthly,https://fred.stlouisfed.org/series/CPILFESL,,,json,1,line,3,12,US,https://api.stlouisfed.org/fred/series/observations?api_key=22ee7a76e736e32f54f5df0a7171538d&file_type=json&series_id=,https://api.stlouisfed.org/fred/series/observations?api_key=22ee7a76e736e32f54f5df0a7171538d&file_type=json&series_id=CPILFESL
GDPC1,FRED,Growth,Real GDP,,Headline,red,2005,quarters,https://fred.stlouisfed.org/series/GDPC1,https://www.economicsobservatory.com/what-do-the-latest-uk-data-reveal-about-regional-gdp,,json,1,bar,4,4,US,https://api.stlouisfed.org/fred/series/observations?api_key=22ee7a76e736e32f54f5df0a7171538d&file_type=json&series_id=,https://api.stlouisfed.org/fred/series/observations?api_key=22ee7a76e736e32f54f5df0a7171538d&file_type=json&series_id=GDPC1
OPHNFB,FRED,Productivity,Output per hour,,,red,1955,quarters,https://fred.stlouisfed.org/series/OPHNFB,,,json,1,line,5,0,US,https://api.stlouisfed.org/fred/series/observations?api_key=22ee7a76e736e32f54f5df0a7171538d&file_type=json&series_id=,https://api.stlouisfed.org/fred/series/observations?api_key=22ee7a76e736e32f54f5df0a7171538d&file_type=json&series_id=OPHNFB
USSTHPI,FRED,House Prices,Average,,Housing,red,1986,annual,https://fred.stlouisfed.org/series/USSTHPI,,https://raw.githubusercontent.com/RDeconomist/RDeconomist.github.io/main/data/uk/data_UK_HousePrices.csv,json,1,line,6,0,US,https://api.stlouisfed.org/fred/series/observations?api_key=22ee7a76e736e32f54f5df0a7171538d&file_type=json&series_id=,https://api.stlouisfed.org/fred/series/observations?api_key=22ee7a76e736e32f54f5df0a7171538d&file_type=json&series_id=USSTHPI
SIPOVGINIUSA,FRED,Inequality,Gini coefficient - disposable income,,Income,red,1995,annual,https://fred.stlouisfed.org/series/SIPOVGINIUSA,,https://raw.githubusercontent.com/RDeconomist/RDeconomist.github.io/main/data/uk/data_UK_GINI.csv,json,1,line,7,0,US,https://api.stlouisfed.org/fred/series/observations?api_key=22ee7a76e736e32f54f5df0a7171538d&file_type=json&series_id=,https://api.stlouisfed.org/fred/series/observations?api_key=22ee7a76e736e32f54f5df0a7171538d&file_type=json&series_id=SIPOVGINIUSA
LRIN64TTUSQ156S,FRED,Inactivity,Age 16-64 - % workforce,,Headline,red,1980,quarters,https://fred.stlouisfed.org/series/LRIN64TTUSQ156S,https://www.economicsobservatory.com/how-has-employment-of-older-workers-changed-since-the-pandemic,,json,2,line,8,0,US,https://api.stlouisfed.org/fred/series/observations?api_key=22ee7a76e736e32f54f5df0a7171538d&file_type=json&series_id=,https://api.stlouisfed.org/fred/series/observations?api_key=22ee7a76e736e32f54f5df0a7171538d&file_type=json&series_id=LRIN64TTUSQ156S
GFDEGDQ188S,FRED,Debt,Public Sector Net Debt - % GDP,,Headline,red,2000,quarters,https://fred.stlouisfed.org/series/GFDEGDQ188S,https://www.economicsobservatory.com/which-taxes-might-help-to-restore-sustainability-of-the-public-finances,,json,1,line,9,0,US,https://api.stlouisfed.org/fred/series/observations?api_key=22ee7a76e736e32f54f5df0a7171538d&file_type=json&series_id=,https://api.stlouisfed.org/fred/series/observations?api_key=22ee7a76e736e32f54f5df0a7171538d&file_type=json&series_id=GFDEGDQ188S
DGS10,FRED,Debt costs,10 year government bond yield,,Headline,red,1960,daily,https://fred.stlouisfed.org/series/DGS10,,https://raw.githubusercontent.com/RDeconomist/RDeconomist.github.io/main/data/uk/data_UK_BondYield.csv,json,1,line,10,0,US,https://api.stlouisfed.org/fred/series/observations?api_key=22ee7a76e736e32f54f5df0a7171538d&file_type=json&series_id=,https://api.stlouisfed.org/fred/series/observations?api_key=22ee7a76e736e32f54f5df0a7171538d&file_type=json&series_id=DGS10
DFF,FRED,Fed Funds,Effective Federal Reserve Rate,,Headline,red,1960,annual,https://fred.stlouisfed.org/series/DFF,,https://raw.githubusercontent.com/RDeconomist/RDeconomist.github.io/main/data/uk/data_UK_BankRate.csv,json,1,line,11,0,US,https://api.stlouisfed.org/fred/series/observations?api_key=22ee7a76e736e32f54f5df0a7171538d&file_type=json&series_id=,https://api.stlouisfed.org/fred/series/observations?api_key=22ee7a76e736e32f54f5df0a7171538d&file_type=json&series_id=DFF
XYZ,BoE,Exchange Rate,GBP-USD rate,,Headline,red,1960,daily,,,https://raw.githubusercontent.com/RDeconomist/RDeconomist.github.io/main/data/uk/data_UK_exrUSDGBP.csv,csv,1,line,12,0,US,https://api.stlouisfed.org/fred/series/observations?api_key=22ee7a76e736e32f54f5df0a7171538d&file_type=json&series_id=,https://api.stlouisfed.org/fred/series/observations?api_key=22ee7a76e736e32f54f5df0a7171538d&file_type=json&series_id=XYZ
PAYEMS,FRED,Employment,Non-farm payroll,,Headline,red,1960,monthly,https://fred.stlouisfed.org/series/PAYEMS,,,json,1,line,13,0,US,https://api.stlouisfed.org/fred/series/observations?api_key=22ee7a76e736e32f54f5df0a7171538d&file_type=json&series_id=,https://api.stlouisfed.org/fred/series/observations?api_key=22ee7a76e736e32f54f5df0a7171538d&file_type=json&series_id=PAYEMS
LES1252881600Q,FRED,Pay,Median - inflation adjusted,,,red,1960,,https://fred.stlouisfed.org/series/LES1252881600Q,,,json,4,line,14,0,US,https://api.stlouisfed.org/fred/series/observations?api_key=22ee7a76e736e32f54f5df0a7171538d&file_type=json&series_id=,https://api.stlouisfed.org/fred/series/observations?api_key=22ee7a76e736e32f54f5df0a7171538d&file_type=json&series_id=LES1252881600Q
PSAVERT,FRED,Saving rate,As % of disposale income,,,red,1960,,https://fred.stlouisfed.org/series/PSAVERT,,,json,4,line,15,0,US,https://api.stlouisfed.org/fred/series/observations?api_key=22ee7a76e736e32f54f5df0a7171538d&file_type=json&series_id=,https://api.stlouisfed.org/fred/series/observations?api_key=22ee7a76e736e32f54f5df0a7171538d&file_type=json&series_id=PSAVERT
EXPGS,FRED,Exports,Goods - GBP million,,Trade,red,1980,quarters,https://fred.stlouisfed.org/series/EXPGS,https://www.economicsobservatory.com/how-has-the-pandemic-affected-international-trade-across-the-uk,,json,2,line,16,0,US,https://api.stlouisfed.org/fred/series/observations?api_key=22ee7a76e736e32f54f5df0a7171538d&file_type=json&series_id=,https://api.stlouisfed.org/fred/series/observations?api_key=22ee7a76e736e32f54f5df0a7171538d&file_type=json&series_id=EXPGS
IMPGS,FRED,Imports,Goods - GBP million,,Trade,red,1980,quarters,https://fred.stlouisfed.org/series/IMPGS,,,json,2,line,17,0,US,https://api.stlouisfed.org/fred/series/observations?api_key=22ee7a76e736e32f54f5df0a7171538d&file_type=json&series_id=,https://api.stlouisfed.org/fred/series/observations?api_key=22ee7a76e736e32f54f5df0a7171538d&file_type=json&series_id=IMPGS
B4380C0A173NBEA,FRED,Military,Employment - thousands,,Public Sector,red,1930,quarters,https://fred.stlouisfed.org/series/B4380C0A173NBEA,https://www.economicsobservatory.com/what-would-be-the-economic-consequences-of-a-military-stalemate-in-ukraine,,json,3,line,18,0,US,https://api.stlouisfed.org/fred/series/observations?api_key=22ee7a76e736e32f54f5df0a7171538d&file_type=json&series_id=,https://api.stlouisfed.org/fred/series/observations?api_key=22ee7a76e736e32f54f5df0a7171538d&file_type=json&series_id=B4380C0A173NBEA
,,Affordability,House price to income ratio,,Housing,red,1969,annual,,,https://raw.githubusercontent.com/RDeconomist/RDeconomist.github.io/main/data/uk/data_UK_HousePricesToIncomeRatio.csv,json,5,line,,0,,,
,,Redundancies,UK - thousands,,Labour market,red,1997,quarters,,https://www.economicsobservatory.com/how-has-the-uk-labour-market-fared-in-recessions-and-recoveries-since-1872,,json,5,line,,0,,,
,,Long weeks,45+ hours work - % employees,,Labour market,red,1992,quarters,,https://www.economicsobservatory.com/coronavirus-careers-and-mental-health-what-are-links,,json,5,line,,0,,,
,,Public Sector,Employment - thousands,,Public Sector,red,1980,quarters,,https://www.economicsobservatory.com/who-has-financed-higher-government-spending-during-pandemic,,json,5,line,,0,,,
,,Police,Employment - thousands,,Public Sector,red,1999,quarters,,https://www.economicsobservatory.com/how-are-crime-trends-in-england-and-wales-changing-during-the-pandemic,,json,5,line,,0,,,
,,Teachers,Employment - thousands,,Public Sector,red,1999,quarters,,https://www.economicsobservatory.com/how-best-should-school-resources-be-deployed-response-covid-19-crisis,,json,5,line,,0,,,
,,Marriages,Per thousand population,,Society,red,1800,annual,,,https://raw.githubusercontent.com/RDeconomist/RDeconomist.github.io/main/data/uk/data_UK_MarriageRate.csv,json,5,line,,0,,,
,,Divorces,Per thousand - male,,Society,red,1950,annual,,,https://raw.githubusercontent.com/RDeconomist/RDeconomist.github.io/main/data/uk/data_UK_DivorceRate.csv,json,5,line,,0,,,
,,Holidays,UK visits abroad - thousand,,Consumption,red,1986,years,,https://www.economicsobservatory.com/update-how-is-covid-19-affecting-international-travel-and-tourism,,json,5,line,,0,,,
,,Tourists,Foreign visitors to UK - thousand,,Consumption,red,1986,years,,https://www.economicsobservatory.com/update-how-is-covid-19-affecting-international-travel-and-tourism,,json,5,line,,0,,,
